candidate,split,amount,mean_gr,p95_gr,p99_gr,max_gr,frac_gt10,gr_ripple,cross_source_mean_gr_std
anchor_threshold_target100_5.0,selection,0.0,0.0,0.0,0.0,0.0,0.0,0.0,0.0
anchor_threshold_target100_5.0,selection,12.5,0.3192761435398096,0.822515299526744,1.055527222239132,1.225794651335382,0.0,0.00732632272237726,0.1214685790671603
anchor_threshold_target100_5.0,selection,25.0,0.7223314964082419,1.512972497056658,1.823194467650322,2.050558202145336,0.0,0.013310303382067387,0.19799927058154856
anchor_threshold_target100_5.0,selection,37.5,1.3214265959542453,2.4168786803654445,2.7983503348066057,3.0742447856115978,0.0,0.021886138265427513,0.2771105510841411
anchor_threshold_target100_5.0,selection,50.0,2.116462259873722,3.491139555016155,3.897149988534271,4.1988843248121,0.0,0.03313942121519717,0.35079045701712475
anchor_threshold_target100_5.0,selection,62.5,2.8337501726906167,4.352804035935444,4.7601892615704955,5.062688498031621,0.0,0.04318688256501842,0.39045168542745406
anchor_threshold_target100_5.0,selection,75.0,3.6127022129915556,5.216616901564358,5.624040651173405,5.92651325369796,0.0,0.054055048978732215,0.4124254744886355
anchor_threshold_target100_5.0,selection,87.5,4.112515965184426,5.750854021638924,6.158292445282141,6.460742312543859,0.0,0.06085637071780674,0.41952070375000444
anchor_threshold_target100_5.0,selection,100.0,4.620559114684236,6.285095390753284,6.692529266073148,6.994974720349176,0.0,0.0674668902227811,0.42345162666511466
desired_gr_scale_target100_5.0,selection,0.0,0.0,0.0,0.0,0.0,0.0,0.0,0.0
desired_gr_scale_target100_5.0,selection,12.5,0.5775698893355296,0.7856369238441605,0.8365661582591435,0.874371840043647,0.0,0.008433361277847638,0.05293145333313933
desired_gr_scale_target100_5.0,selection,25.0,1.155139778671059,1.571273847688321,1.673132316518287,1.748743680087294,0.0,0.016866722555695275,0.10586290666627866
desired_gr_scale_target100_5.0,selection,37.5,1.7327096680065885,2.3569107715324806,2.5096984747774282,2.6231155201309413,0.0,0.02530008383354286,0.1587943599994182
desired_gr_scale_target100_5.0,selection,50.0,2.310279557342118,3.142547695376642,3.346264633036574,3.497487360174588,0.0,0.03373344511139055,0.21172581333255733
desired_gr_scale_target100_5.0,selection,62.5,2.887849446677647,3.928184619220803,4.182830791295711,4.371859200218241,0.0,0.042166806389238184,0.2646572666656965
desired_gr_scale_target100_5.0,selection,75.0,3.465419336013177,4.713821543064961,5.0193969495548565,5.246231040261883,0.0,0.05060016766708572,0.3175887199988364
desired_gr_scale_target100_5.0,selection,87.5,4.042989225348707,5.499458466909123,5.855963107813999,6.120602880305534,0.0,0.05903352894493348,0.3705201733319753
desired_gr_scale_target100_5.0,selection,100.0,4.620559114684236,6.285095390753284,6.692529266073148,6.994974720349176,0.0,0.0674668902227811,0.42345162666511466
anchor_threshold_target100_5.2,selection,0.0,0.0,0.0,0.0,0.0,0.0,0.0,0.0
anchor_threshold_target100_5.2,selection,12.5,0.3192761435398096,0.822515299526744,1.055527222239132,1.225794651335382,0.0,0.00732632272237726,0.1214685790671603
anchor_threshold_target100_5.2,selection,25.0,0.7223314964082419,1.512972497056658,1.823194467650322,2.050558202145336,0.0,0.013310303382067387,0.19799927058154856
anchor_threshold_target100_5.2,selection,37.5,1.3214265959542453,2.4168786803654445,2.7983503348066057,3.0742447856115978,0.0,0.021886138265427513,0.2771105510841411
anchor_threshold_target100_5.2,selection,50.0,2.116462259873722,3.491139555016155,3.897149988534271,4.1988843248121,0.0,0.03313942121519717,0.35079045701712475
anchor_threshold_target100_5.2,selection,62.5,2.8337501726906167,4.352804035935444,4.7601892615704955,5.062688498031621,0.0,0.04318688256501842,0.39045168542745406
anchor_threshold_target100_5.2,selection,75.0,3.6127022129915556,5.216616901564358,5.624040651173405,5.92651325369796,0.0,0.054055048978732215,0.4124254744886355
anchor_threshold_target100_5.2,selection,87.5,4.211475223572823,5.8554962666188795,6.262936212459758,6.565381947623324,0.0,0.062172221532747,0.4204996853121489
anchor_threshold_target100_5.2,selection,100.0,4.821257509373065,6.494376828060415,6.901813397798538,7.204255367933595,0.0,0.06995713246577487,0.42442501096646335
desired_gr_scale_target100_5.2,selection,0.0,0.0,0.0,0.0,0.0,0.0,0.0,0.0
desired_gr_scale_target100_5.2,selection,12.5,0.6026571886716331,0.8117971035075519,0.8627266747248172,0.9005319209916993,0.0,0.008744641558221859,0.05305312637080792
desired_gr_scale_target100_5.2,selection,25.0,1.2053143773432662,1.6235942070151037,1.7254533494496345,1.8010638419833986,0.0,0.017489283116443717,0.10610625274161584
desired_gr_scale_target100_5.2,selection,37.5,1.8079715660148992,2.435391310522662,2.5881800241744526,2.7015957629750975,0.0,0.026233924674665662,0.15915937911242398
desired_gr_scale_target100_5.2,selection,50.0,2.4106287546865324,3.2471884140302074,3.450906698899269,3.6021276839667973,0.0,0.034978566232887434,0.21221250548323167
desired_gr_scale_target100_5.2,selection,62.5,3.0132859433581665,4.058985517537762,4.313633373624086,4.502659604958493,0.0,0.04372320779110962,0.26526563185403973
desired_gr_scale_target100_5.2,selection,75.0,3.6159431320297983,4.870782621045324,5.176360048348905,5.403191525950195,0.0,0.052467849349331325,0.31831875822484795
desired_gr_scale_target100_5.2,selection,87.5,4.218600320701432,5.68257972455287,6.039086723073715,6.303723446941894,0.0,0.061212490907553006,0.37137188459565595
desired_gr_scale_target100_5.2,selection,100.0,4.821257509373065,6.494376828060415,6.901813397798538,7.204255367933595,0.0,0.06995713246577487,0.42442501096646335
anchor_threshold_target100_5.4,selection,0.0,0.0,0.0,0.0,0.0,0.0,0.0,0.0
anchor_threshold_target100_5.4,selection,12.5,0.3192761435398096,0.822515299526744,1.055527222239132,1.225794651335382,0.0,0.00732632272237726,0.1214685790671603
anchor_threshold_target100_5.4,selection,25.0,0.7223314964082419,1.512972497056658,1.823194467650322,2.050558202145336,0.0,0.013310303382067387,0.19799927058154856
anchor_threshold_target100_5.4,selection,37.5,1.3214265959542453,2.4168786803654445,2.7983503348066057,3.0742447856115978,0.0,0.021886138265427513,0.2771105510841411
anchor_threshold_target100_5.4,selection,50.0,2.116462259873722,3.491139555016155,3.897149988534271,4.1988843248121,0.0,0.03313942121519717,0.35079045701712475
anchor_threshold_target100_5.4,selection,62.5,2.8337501726906167,4.352804035935444,4.7601892615704955,5.062688498031621,0.0,0.04318688256501842,0.39045168542745406
anchor_threshold_target100_5.4,selection,75.0,3.6127022129915556,5.216616901564358,5.624040651173405,5.92651325369796,0.0,0.054055048978732215,0.4124254744886355
anchor_threshold_target100_5.4,selection,87.5,4.310722230350413,5.960137713956378,6.367579967079739,6.670021702507607,0.0,0.06347983352169911,0.4213650547474038
anchor_threshold_target100_5.4,selection,100.0,5.022762044788202,6.703657159162273,7.111097954809648,7.413536511355444,0.0,0.072362319345171,0.4251848777137114
desired_gr_scale_target100_5.4,selection,0.0,0.0,0.0,0.0,0.0,0.0,0.0,0.0
desired_gr_scale_target100_5.4,selection,12.5,0.6278452555985252,0.8379571448952842,0.888887244351206,0.9266920639194305,0.0,0.009045289918146375,0.05314810971421392
desired_gr_scale_target100_5.4,selection,25.0,1.2556905111970504,1.6759142897905683,1.777774488702412,1.853384127838861,0.0,0.01809057983629275,0.10629621942842785
desired_gr_scale_target100_5.4,selection,37.5,1.883535766795576,2.513871434685851,2.6666617330536178,2.780076191758294,0.0,0.027135869754439157,0.15944432914264162
desired_gr_scale_target100_5.4,selection,50.0,2.511381022394101,3.3518285795811367,3.555548977404824,3.706768255677722,0.0,0.0361811596725855,0.2125924388568557
desired_gr_scale_target100_5.4,selection,62.5,3.1392262779926265,4.189785724476424,4.444436221756035,4.633460319597161,0.0,0.045226449590732076,0.2657405485710693
desired_gr_scale_target100_5.4,selection,75.0,3.767071533591152,5.027742869371702,5.3333234661072355,5.560152383516588,0.0,0.054271739508878314,0.31888865828528323
desired_gr_scale_target100_5.4,selection,87.5,4.394916789189677,5.865700014267,6.222210710458439,6.486844447436008,0.0,0.06331702942702482,0.37203676799949625
desired_gr_scale_target100_5.4,selection,100.0,5.022762044788202,6.703657159162273,7.111097954809648,7.413536511355444,0.0,0.072362319345171,0.4251848777137114
anchor_threshold_target100_5.5,selection,0.0,0.0,0.0,0.0,0.0,0.0,0.0,0.0
anchor_threshold_target100_5.5,selection,12.5,0.3192761435398096,0.822515299526744,1.055527222239132,1.225794651335382,0.0,0.00732632272237726,0.1214685790671603
anchor_threshold_target100_5.5,selection,25.0,0.7223314964082419,1.512972497056658,1.823194467650322,2.050558202145336,0.0,0.013310303382067387,0.19799927058154856
anchor_threshold_target100_5.5,selection,37.5,1.3214265959542453,2.4168786803654445,2.7983503348066057,3.0742447856115978,0.0,0.021886138265427513,0.2771105510841411
anchor_threshold_target100_5.5,selection,50.0,2.116462259873722,3.491139555016155,3.897149988534271,4.1988843248121,0.0,0.03313942121519717,0.35079045701712475
anchor_threshold_target100_5.5,selection,62.5,2.8337501726906167,4.352804035935444,4.7601892615704955,5.062688498031621,0.0,0.04318688256501842,0.39045168542745406
anchor_threshold_target100_5.5,selection,75.0,3.6127022129915556,5.216616901564358,5.624040651173405,5.92651325369796,0.0,0.054055048978732215,0.4124254744886355
anchor_threshold_target100_5.5,selection,87.5,4.3604472773632175,6.01245855526102,6.419893323141961,6.722341625942416,0.0,0.06413001461222317,0.42175869668775456
anchor_threshold_target100_5.5,selection,100.0,5.123793170308833,6.808300291335076,7.215740378982426,7.5181772657576165,0.0,0.07352955399755452,0.425500547035334
desired_gr_scale_target100_5.5,selection,0.0,0.0,0.0,0.0,0.0,0.0,0.0,0.0
desired_gr_scale_target100_5.5,selection,12.5,0.6404741462886041,0.8510375364168845,0.9019675473728033,0.9397721582197021,0.0,0.009191194249694315,0.05318756837941675
desired_gr_scale_target100_5.5,selection,25.0,1.2809482925772082,1.702075072833769,1.8039350947456065,1.8795443164394041,0.0,0.01838238849938863,0.1063751367588335
desired_gr_scale_target100_5.5,selection,37.5,1.9214224388658119,2.5531126092506584,2.705902642118411,2.8193164746591073,0.0,0.027573582749082646,0.15956270513825024
desired_gr_scale_target100_5.5,selection,50.0,2.5618965851544164,3.404150145667538,3.607870189491213,3.7590886328788082,0.0,0.03676477699877726,0.212750273517667
desired_gr_scale_target100_5.5,selection,62.5,3.202370731443021,4.255187682084422,4.509837736864016,4.698860791098509,0.0,0.045955971248471304,0.2659378418970842
desired_gr_scale_target100_5.5,selection,75.0,3.8428448777316238,5.106225218501317,5.411805284236822,5.638632949318215,0.0,0.05514716549816529,0.3191254102765005
desired_gr_scale_target100_5.5,selection,87.5,4.483319024020228,5.957262754918187,6.313772831609623,6.578405107537924,0.0,0.06433835974786001,0.37231297865591695
desired_gr_scale_target100_5.5,selection,100.0,5.123793170308833,6.808300291335076,7.215740378982426,7.5181772657576165,0.0,0.07352955399755452,0.425500547035334
