file,singer,stress,clean_mean_delta_db,clean_p95_delta_db,clean_ripple_delta_db,stress_reduction,solver_residual_db
f1:f1_arpeggios_belt_c_a.wav,f1,rumble_-12,0.002106462985890456,0.0010314319427164875,-3.9587280882810716e-05,0.7279354384540628,2.9203706866098855e-06
f1:f1_arpeggios_belt_c_a.wav,f1,rumble_-6,0.002106462985890456,0.0010314319427164875,-3.9587280882810716e-05,0.6767170257279196,2.9203706866098855e-06
f1:f1_arpeggios_belt_c_a.wav,f1,plosive,0.002106462985890456,0.0010314319427164875,-3.9587280882810716e-05,0.11561683531281242,2.9203706866098855e-06
f1:f1_arpeggios_breathy_a.wav,f1,rumble_-12,0.005150438053389106,0.017354210642515966,-5.046293209755477e-05,0.7417127320382226,2.0017312292175404e-06
f1:f1_arpeggios_breathy_a.wav,f1,rumble_-6,0.005150438053389106,0.017354210642515966,-5.046293209755477e-05,0.6947809612751914,2.0017312292175404e-06
f1:f1_arpeggios_breathy_a.wav,f1,plosive,0.005150438053389106,0.017354210642515966,-5.046293209755477e-05,0.16509285560796005,2.0017312292175404e-06
f2:f2_arpeggios_belt_a.wav,f2,rumble_-12,0.0048706182154849564,0.001030328859905616,1.498595625253063e-05,0.7483359931542983,3.943965545261108e-07
f2:f2_arpeggios_belt_a.wav,f2,rumble_-6,0.0048706182154849564,0.001030328859905616,1.498595625253063e-05,0.7137180491617736,3.943965545261108e-07
f2:f2_arpeggios_belt_a.wav,f2,plosive,0.0048706182154849564,0.001030328859905616,1.498595625253063e-05,0.15929439449601634,3.943965545261108e-07
f2:f2_arpeggios_breathy_a.wav,f2,rumble_-12,-0.0018499113856775828,0.0013557658649663296,-8.61613291674411e-05,0.7950048405207585,4.367938575722263e-06
f2:f2_arpeggios_breathy_a.wav,f2,rumble_-6,-0.0018499113856775828,0.0013557658649663296,-8.61613291674411e-05,0.7189242345526081,4.367938575722263e-06
f2:f2_arpeggios_breathy_a.wav,f2,plosive,-0.0018499113856775828,0.0013557658649663296,-8.61613291674411e-05,0.1731795087737189,4.367938575722263e-06
m1:m1_arpeggios_belt_a.wav,m1,rumble_-12,0.0019610882969161025,-0.001253378252449977,-5.9138386575358776e-05,0.7538783689822007,4.3743709055021895e-07
m1:m1_arpeggios_belt_a.wav,m1,rumble_-6,0.0019610882969161025,-0.001253378252449977,-5.9138386575358776e-05,0.7277203735069939,4.3743709055021895e-07
m1:m1_arpeggios_belt_a.wav,m1,plosive,0.0019610882969161025,-0.001253378252449977,-5.9138386575358776e-05,0.15409952828143725,4.3743709055021895e-07
m1:m1_arpeggios_breathy_a.wav,m1,rumble_-12,-0.005121410990255093,-0.00032759816302707634,-6.43589559292286e-05,0.7660108354655979,3.1568436296147695e-06
m1:m1_arpeggios_breathy_a.wav,m1,rumble_-6,-0.005121410990255093,-0.00032759816302707634,-6.43589559292286e-05,0.7253305167255188,3.1568436296147695e-06
m1:m1_arpeggios_breathy_a.wav,m1,plosive,-0.005121410990255093,-0.00032759816302707634,-6.43589559292286e-05,0.18537347994514553,3.1568436296147695e-06
m2:m2_arpeggios_breathy_a.wav,m2,rumble_-12,0.01691872376807657,0.02477717903204102,0.0001493966929402655,0.7597982971581468,2.1625675974412673e-06
m2:m2_arpeggios_breathy_a.wav,m2,rumble_-6,0.01691872376807657,0.02477717903204102,0.0001493966929402655,0.7290150502101491,2.1625675974412673e-06
m2:m2_arpeggios_breathy_a.wav,m2,plosive,0.01691872376807657,0.02477717903204102,0.0001493966929402655,0.22186189678647605,2.1625675974412673e-06
m2:m2_arpeggios_lip_trill_a.wav,m2,rumble_-12,-0.0033003354840355215,-0.0006314528749413739,9.844407023842927e-05,0.7577092985053235,2.018702224493296e-06
m2:m2_arpeggios_lip_trill_a.wav,m2,rumble_-6,-0.0033003354840355215,-0.0006314528749413739,9.844407023842927e-05,0.7250782041282022,2.018702224493296e-06
m2:m2_arpeggios_lip_trill_a.wav,m2,plosive,-0.0033003354840355215,-0.0006314528749413739,9.844407023842927e-05,0.18820325757026746,2.018702224493296e-06
f3:f3_arpeggios_belt_a.wav,f3,rumble_-12,0.0004913136062016932,-0.0002163076600201208,-5.987458714282537e-05,0.7445537335553393,1.8282007037129233e-06
f3:f3_arpeggios_belt_a.wav,f3,rumble_-6,0.0004913136062016932,-0.0002163076600201208,-5.987458714282537e-05,0.7107420558712022,1.8282007037129233e-06
f3:f3_arpeggios_belt_a.wav,f3,plosive,0.0004913136062016932,-0.0002163076600201208,-5.987458714282537e-05,0.23019367571248872,1.8282007037129233e-06
f3:f3_arpeggios_breathy_a.wav,f3,rumble_-12,0.005648249641252434,0.0037361106067033134,2.7003091703445455e-05,0.737710610977637,2.104122312385215e-06
f3:f3_arpeggios_breathy_a.wav,f3,rumble_-6,0.005648249641252434,0.0037361106067033134,2.7003091703445455e-05,0.6944826797856332,2.104122312385215e-06
f3:f3_arpeggios_breathy_a.wav,f3,plosive,0.005648249641252434,0.0037361106067033134,2.7003091703445455e-05,0.15885195203268943,2.104122312385215e-06
f4:f4_arpeggios_breathy_e.wav,f4,rumble_-12,-0.0067685472858105555,-0.0020881025262866615,7.253530719815784e-05,0.834845622251174,3.848133188544267e-06
f4:f4_arpeggios_breathy_e.wav,f4,rumble_-6,-0.0067685472858105555,-0.0020881025262866615,7.253530719815784e-05,0.7189326489401126,3.848133188544267e-06
f4:f4_arpeggios_breathy_e.wav,f4,plosive,-0.0067685472858105555,-0.0020881025262866615,7.253530719815784e-05,0.19686560192195135,3.848133188544267e-06
f4:f4_arpeggios_lip_trill_a.wav,f4,rumble_-12,0.006143517494952455,0.0023122231265526594,-0.0006874558607183751,0.7408912190735211,2.7293941369244124e-06
f4:f4_arpeggios_lip_trill_a.wav,f4,rumble_-6,0.006143517494952455,0.0023122231265526594,-0.0006874558607183751,0.716578855467485,2.7293941369244124e-06
f4:f4_arpeggios_lip_trill_a.wav,f4,plosive,0.006143517494952455,0.0023122231265526594,-0.0006874558607183751,0.22095396802128198,2.7293941369244124e-06
m3:m3_arpeggios_belt_a.wav,m3,rumble_-12,-0.003062555944905565,-0.0008515999394189677,-0.00012256512778171733,0.7550356585081937,1.9035438416636907e-06
m3:m3_arpeggios_belt_a.wav,m3,rumble_-6,-0.003062555944905565,-0.0008515999394189677,-0.00012256512778171733,0.7256728055269445,1.9035438416636907e-06
m3:m3_arpeggios_belt_a.wav,m3,plosive,-0.003062555944905565,-0.0008515999394189677,-0.00012256512778171733,0.20993703926128893,1.9035438416636907e-06
m3:m3_arpeggios_breathy_a.wav,m3,rumble_-12,0.006903043001067477,0.003951351794219349,7.157424089729303e-07,0.7490531067981039,4.527303406387517e-06
m3:m3_arpeggios_breathy_a.wav,m3,rumble_-6,0.006903043001067477,0.003951351794219349,7.157424089729303e-07,0.7282327102388284,4.527303406387517e-06
m3:m3_arpeggios_breathy_a.wav,m3,plosive,0.006903043001067477,0.003951351794219349,7.157424089729303e-07,0.20654045080352768,4.527303406387517e-06
m4:m4_arpeggios_belt_a.wav,m4,rumble_-12,0.0011925733562425656,-0.0022703173139078103,5.2041441814597994e-05,0.7515469819238119,1.9383144835849464e-06
m4:m4_arpeggios_belt_a.wav,m4,rumble_-6,0.0011925733562425656,-0.0022703173139078103,5.2041441814597994e-05,0.721107166738255,1.9383144835849464e-06
m4:m4_arpeggios_belt_a.wav,m4,plosive,0.0011925733562425656,-0.0022703173139078103,5.2041441814597994e-05,0.2146430224958642,1.9383144835849464e-06
m4:m4_arpeggios_breathy_a.wav,m4,rumble_-12,-0.0032047688277256903,-0.004829574877699194,9.468059754949576e-05,0.7486660805267021,5.58192105293287e-06
m4:m4_arpeggios_breathy_a.wav,m4,rumble_-6,-0.0032047688277256903,-0.004829574877699194,9.468059754949576e-05,0.7211702321072173,5.58192105293287e-06
m4:m4_arpeggios_breathy_a.wav,m4,plosive,-0.0032047688277256903,-0.004829574877699194,9.468059754949576e-05,0.17892425420323088,5.58192105293287e-06
