sample_rate_hz,case,candidate,periodicity,veto,baseline_high_fraction,candidate_high_fraction,baseline_mean_t,candidate_mean_t,context_probability_median,context_probability_max,finite
44100,voiced_low,simple_veto,0.9812332165618071,1.0,0.999244142101285,0.999244142101285,0.999244142101285,0.999244142101285,0.023607414081373693,0.6939161912665777,1.0
44100,voiced_low,context_veto,0.9812332165618071,1.0,0.999244142101285,0.999244142101285,0.999244142101285,0.999244142101285,0.023607414081373693,0.6939161912665777,1.0
44100,voiced_high,simple_veto,1.0,1.0,0.999244142101285,0.999244142101285,0.999244142101285,0.999244142101285,0.07630774997829035,0.6939161911556427,1.0
44100,voiced_high,context_veto,1.0,1.0,0.999244142101285,0.999244142101285,0.999244142101285,0.999244142101285,0.07630774997829035,0.6939161911556427,1.0
44100,voiced_high_bright,simple_veto,1.0,1.0,0.999244142101285,0.999244142101285,0.999244142101285,0.999244142101285,0.35398183382856385,0.6939161910917417,1.0
44100,voiced_high_bright,context_veto,1.0,1.0,0.999244142101285,0.999244142101285,0.999244142101285,0.999244142101285,0.35398183382856385,0.6939161910917417,1.0
44100,noisy_bright_700,simple_veto,0.7248427632317787,0.7832070524964503,1.0,1.0,1.0,0.8374771799714524,0.4445249030825301,0.7188325251787485,1.0
44100,noisy_bright_700,context_veto,0.7248427632317787,0.7832070524964503,1.0,1.0,1.0,0.8374362217144931,0.4445249030825301,0.7188325251787485,1.0
44100,sibilant,simple_veto,0.07233643000098564,0.0,1.0,0.0002834467120181406,1.0,0.25019059808810395,0.8264889567111124,0.8705854296075624,1.0
44100,sibilant,context_veto,0.07233643000098564,0.0,1.0,0.0,1.0,0.25008005362536795,0.8264889567111124,0.8705854296075624,1.0
44100,breath,simple_veto,0.061305858503123124,0.0,1.0,0.000944822373393802,1.0,0.2517747268960063,0.6507446011819167,0.695826100785429,1.0
44100,breath,context_veto,0.061305858503123124,0.0,1.0,0.0,1.0,0.2514354012617581,0.6507446011819167,0.695826100785429,1.0
44100,long_s,simple_veto,0.047556431702150806,0.0,1.0,5.039052658100277e-05,1.0,0.25003724725127796,0.7826389525390169,0.8771471749659764,1.0
44100,long_s,context_veto,0.047556431702150806,0.0,1.0,0.0,1.0,0.2500175949023288,0.7826389525390169,0.8771471749659764,1.0
44100,steady_vowel,simple_veto,0.9924100328905292,1.0,0.23112244897959183,0.23112244897959183,0.6343924612150865,0.6343924612150865,0.024411147537903768,0.6939161927571037,1.0
44100,steady_vowel,context_veto,0.9924100328905292,1.0,0.23112244897959183,0.23112244897959183,0.6343924612150865,0.6343924612150865,0.024411147537903768,0.6939161927571037,1.0
44100,plosive_low,simple_veto,0.3738604427165848,0.0,1.0,1.0,1.0,0.999019514151435,0.19078748310781612,0.6939161919643599,1.0
44100,plosive_low,context_veto,0.3738604427165848,0.0,1.0,0.9900181488203267,1.0,0.8591211542442476,0.19078748310781612,0.6939161919643599,1.0
44100,startup_bright,simple_veto,0.9759000729485323,1.0,0.7494331065759637,0.7494331065759637,0.7494331065759637,0.7494331065759637,0.3509251584534311,0.6939161908761563,1.0
44100,startup_bright,context_veto,0.9759000729485323,1.0,0.7494331065759637,0.7494331065759637,0.7494331065759637,0.7494331065759637,0.3509251584534311,0.6939161908761563,1.0
48000,voiced_low,simple_veto,0.9805848954335199,1.0,0.9993055555555556,0.9993055555555556,0.9993055555555556,0.9993055555555556,0.024006732706296403,0.727197460838855,1.0
48000,voiced_low,context_veto,0.9805848954335199,1.0,0.9993055555555556,0.9993055555555556,0.9993055555555556,0.9993055555555556,0.024006732706296403,0.727197460838855,1.0
48000,voiced_high,simple_veto,1.0,1.0,0.9993055555555556,0.9993055555555556,0.9993055555555556,0.9993055555555556,0.07753928738917279,0.7271974610606831,1.0
48000,voiced_high,context_veto,1.0,1.0,0.9993055555555556,0.9993055555555556,0.9993055555555556,0.9993055555555556,0.07753928738917279,0.7271974610606831,1.0
48000,voiced_high_bright,simple_veto,1.0,1.0,0.9993055555555556,0.9993055555555556,0.9993055555555556,0.9993055555555556,0.36422584931035074,0.7271974611946707,1.0
48000,voiced_high_bright,context_veto,1.0,1.0,0.9993055555555556,0.9993055555555556,0.9993055555555556,0.9993055555555556,0.36422584931035074,0.7271974611946707,1.0
48000,noisy_bright_700,simple_veto,0.8099426335015577,1.0,1.0,1.0,1.0,1.0,0.44525297089851934,0.7271973917880636,1.0
48000,noisy_bright_700,context_veto,0.8099426335015577,1.0,1.0,1.0,1.0,1.0,0.44525297089851934,0.7271973917880636,1.0
48000,sibilant,simple_veto,0.11631281142862554,0.0,1.0,0.00026041666666666666,1.0,0.250134039776264,0.8326313049540989,0.8730568860303247,1.0
48000,sibilant,context_veto,0.11631281142862554,0.0,1.0,0.0,1.0,0.2500532817460497,0.8326313049540989,0.8730568860303247,1.0
48000,breath,simple_veto,0.08931111711223232,0.0,1.0,0.00017361111111111112,1.0,0.2503929906073909,0.6710631364321864,0.8367353528686055,1.0
48000,breath,context_veto,0.08931111711223232,0.0,1.0,0.0,1.0,0.25032985497967974,0.6710631364321864,0.8367353528686055,1.0
48000,long_s,simple_veto,0.057476736118976135,0.0,1.0,4.6296296296296294e-05,1.0,0.2500267591832602,0.7923980127432712,0.8823114561233355,1.0
48000,long_s,context_veto,0.057476736118976135,0.0,1.0,0.0,1.0,0.2500124022001953,0.7923980127432712,0.8823114561233355,1.0
48000,steady_vowel,simple_veto,0.9968002713169701,1.0,0.21916666666666668,0.21916666666666668,0.6244888893673938,0.6244888893673938,0.024887131159901002,0.7271974578604844,1.0
48000,steady_vowel,context_veto,0.9968002713169701,1.0,0.21916666666666668,0.21916666666666668,0.6244888893673938,0.6244888893673938,0.024887131159901002,0.7271974578604844,1.0
48000,plosive_low,simple_veto,0.2534236715408836,0.0,1.0,0.9083333333333333,1.0,0.8476960362307004,0.23533336583863496,0.7271974499331904,1.0
48000,plosive_low,context_veto,0.2534236715408836,0.0,1.0,0.9033333333333333,1.0,0.7960064961662217,0.23533336583863496,0.7271974499331904,1.0
48000,startup_bright,simple_veto,0.8490055629205255,1.0,0.7494791666666667,0.7494791666666667,0.7494791666666667,0.7494791666666667,0.3611660858818835,0.7271974611472567,1.0
48000,startup_bright,context_veto,0.8490055629205255,1.0,0.7494791666666667,0.7494791666666667,0.7494791666666667,0.7494791666666667,0.3611660858818835,0.7271974611472567,1.0
96000,voiced_low,simple_veto,0.9842480368852202,1.0,0.9996527777777777,0.9996527777777777,0.9996527777777777,0.9996527777777777,0.02629074624280181,0.8837831425046974,1.0
96000,voiced_low,context_veto,0.9842480368852202,1.0,0.9996527777777777,0.9996527777777777,0.9996527777777777,0.9996527777777777,0.02629074624280181,0.8837831425046974,1.0
96000,voiced_high,simple_veto,1.0,1.0,0.9996527777777777,0.9996527777777777,0.9996527777777777,0.9996527777777777,0.08564435952294713,0.8837831483711501,1.0
96000,voiced_high,context_veto,1.0,1.0,0.9996527777777777,0.9996527777777777,0.9996527777777777,0.9996527777777777,0.08564435952294713,0.8837831483711501,1.0
96000,voiced_high_bright,simple_veto,1.0,1.0,0.9996527777777777,0.9996527777777777,0.9996527777777777,0.9996527777777777,0.4307124943258937,0.883783153432191,1.0
96000,voiced_high_bright,context_veto,1.0,1.0,0.9996527777777777,0.9996527777777777,0.9996527777777777,0.9996527777777777,0.4307124943258937,0.883783153432191,1.0
96000,noisy_bright_700,simple_veto,0.7810649884490419,0.9836593100238759,1.0,1.0,1.0,0.9877444825179069,0.5003816987930132,0.883747295758066,1.0
96000,noisy_bright_700,context_veto,0.7810649884490419,0.9836593100238759,1.0,1.0,1.0,0.9877444825179069,0.5003816987930132,0.883747295758066,1.0
96000,sibilant,simple_veto,0.08360841368020783,0.0,1.0,0.0,1.0,0.2500276393575955,0.8885234394190045,0.9236512615924525,1.0
96000,sibilant,context_veto,0.08360841368020783,0.0,1.0,0.0,1.0,0.25002320328712296,0.8885234394190045,0.9236512615924525,1.0
96000,breath,simple_veto,0.0772341584226699,0.0,1.0,0.0,1.0,0.2500185332366123,0.7430156428532326,0.8935545999335138,1.0
96000,breath,context_veto,0.0772341584226699,0.0,1.0,0.0,1.0,0.2500130162991806,0.7430156428532326,0.8935545999335138,1.0
96000,long_s,simple_veto,0.06819460711760754,0.0,1.0,0.0,1.0,0.25,0.844775396670933,0.937596425206742,1.0
96000,long_s,context_veto,0.06819460711760754,0.0,1.0,0.0,1.0,0.25,0.844775396670933,0.937596425206742,1.0
96000,steady_vowel,simple_veto,0.9944256198566006,1.0,0.230859375,0.230859375,0.6333712442923078,0.6333712442923078,0.027559978387206543,0.8837830553758357,1.0
96000,steady_vowel,context_veto,0.9944256198566006,1.0,0.230859375,0.230859375,0.6333712442923078,0.6333712442923078,0.027559978387206543,0.8837830553758357,1.0
96000,plosive_low,simple_veto,0.4842606036073593,0.0,1.0,0.09291666666666666,1.0,0.7249600407901363,0.30681422341752396,0.8837826964467714,1.0
96000,plosive_low,context_veto,0.4842606036073593,0.0,1.0,0.04541666666666667,1.0,0.7149697673465797,0.30681422341752396,0.8837826964467714,1.0
96000,startup_bright,simple_veto,0.8164965809277253,1.0,0.7497395833333333,0.7497395833333333,0.7497395833333333,0.7497395833333333,0.42692628805102084,0.883783155938964,1.0
96000,startup_bright,context_veto,0.8164965809277253,1.0,0.7497395833333333,0.7497395833333333,0.7497395833333333,0.7497395833333333,0.42692628805102084,0.883783155938964,1.0
192000,voiced_low,simple_veto,0.9840181045052643,1.0,0.9998263888888889,0.9998263888888889,0.9998263888888889,0.9998263888888889,0.027703506308832188,0.9334714824228708,1.0
192000,voiced_low,context_veto,0.9840181045052643,1.0,0.9998263888888889,0.9998263888888889,0.9998263888888889,0.9998263888888889,0.027703506308832188,0.9334714824228708,1.0
192000,voiced_high,simple_veto,1.0,1.0,0.9998263888888889,0.9998263888888889,0.9998263888888889,0.9998263888888889,0.09042140363057509,0.93347151624385,1.0
192000,voiced_high,context_veto,1.0,1.0,0.9998263888888889,0.9998263888888889,0.9998263888888889,0.9998263888888889,0.09042140363057509,0.93347151624385,1.0
192000,voiced_high_bright,simple_veto,1.0,1.0,0.9998263888888889,0.9998263888888889,0.9998263888888889,0.9998263888888889,0.458595567363584,0.9334715546682719,1.0
192000,voiced_high_bright,context_veto,1.0,1.0,0.9998263888888889,0.9998263888888889,0.9998263888888889,0.9998263888888889,0.458595567363584,0.9334715546682719,1.0
192000,noisy_bright_700,simple_veto,0.7143690558900857,0.7284039048821518,1.0,1.0,1.0,0.7963029286616139,0.4957634478652594,0.9337961789738614,1.0
192000,noisy_bright_700,context_veto,0.7143690558900857,0.7284039048821518,1.0,1.0,1.0,0.7963029286616139,0.4957634478652594,0.9337961789738614,1.0
192000,sibilant,simple_veto,0.08237913110220708,0.0,1.0,0.0,1.0,0.25,0.9098056262177414,0.9435544622665282,1.0
192000,sibilant,context_veto,0.08237913110220708,0.0,1.0,0.0,1.0,0.25,0.9098056262177414,0.9435544622665282,1.0
192000,breath,simple_veto,0.07181915022730975,0.0,1.0,0.0,1.0,0.250054435059596,0.7683741328589588,0.9492583155957172,1.0
192000,breath,context_veto,0.07181915022730975,0.0,1.0,0.0,1.0,0.25002495792215934,0.7683741328589588,0.9492583155957172,1.0
192000,long_s,simple_veto,0.05576223218245897,0.0,1.0,0.0,1.0,0.25,0.862238358794537,0.942969362015792,1.0
192000,long_s,context_veto,0.05576223218245897,0.0,1.0,0.0,1.0,0.25,0.862238358794537,0.942969362015792,1.0
192000,steady_vowel,simple_veto,0.9950282899224044,1.0,0.23013020833333334,0.23013020833333334,0.6310960925490604,0.6310960925490604,0.02915165888078981,0.9334709338503703,1.0
192000,steady_vowel,context_veto,0.9950282899224044,1.0,0.23013020833333334,0.23013020833333334,0.6310960925490604,0.6310960925490604,0.02915165888078981,0.9334709338503703,1.0
192000,plosive_low,simple_veto,0.3923119018317024,0.0,1.0,0.05458333333333333,1.0,0.7013693282294868,0.33889301532095606,0.9334685611498189,1.0
192000,plosive_low,context_veto,0.3923119018317024,0.0,1.0,0.04770833333333333,1.0,0.6931050056106086,0.33889301532095606,0.9334685611498189,1.0
192000,startup_bright,simple_veto,0.909578027526911,1.0,0.7498697916666667,0.7498697916666667,0.7498697916666667,0.7498697916666667,0.45467112080704375,0.9334715682989068,1.0
192000,startup_bright,context_veto,0.909578027526911,1.0,0.7498697916666667,0.7498697916666667,0.7498697916666667,0.7498697916666667,0.45467112080704375,0.9334715682989068,1.0
